season,yr,mnth,holiday,weekday,workingday,weathersit,temp,hum,windspeed,casual,registered,cnt_pred
1,0,2,0,1,1,1,0.26483103698946564,0.6638752804424496,0.06470493480338126,0.05132666376685516,0.22697083453652903,0.20733652312599732
4,0,12,0,1,1,1,0.22329523662846032,0.5669853746481461,0.11542428615163265,0.06133101348412353,0.45437481952064684,0.4033860875966144
1,1,3,0,0,0,2,0.5150788138509821,0.766746523087788,0.29374897917244724,0.959112657677251,0.5291654634709789,0.7201570359465103
3,0,8,0,0,0,1,0.8073508423167243,0.41042851175669287,0.7935180367050934,0.6146150500217485,0.4185677158533064,0.5290148448043188
3,0,8,0,0,0,2,0.7694809183780529,0.7775120681760439,0.5629241617547468,0.5811222270552414,0.3554721339878718,0.46595509753404546
2,0,6,0,2,1,1,0.8079003499653474,0.46232130989411013,0.4650231097084953,0.331013484123532,0.5847531042448744,0.5902343270764325
4,1,10,0,1,1,1,0.5337695501987075,0.41985625844198154,0.1661200231757724,0.3601565898216616,0.8963326595437482,0.863206968470127
2,0,5,0,5,1,1,0.5233862231330011,0.45095720049894705,0.5787035904736443,0.3879947803392779,0.5333525844643373,0.5626303521040357
1,0,3,0,1,1,1,0.2524602616254511,0.3954127294675936,0.896670464637128,0.10526315789473684,0.23216863990759457,0.226966016439701
2,0,6,0,5,1,1,0.7352145684072229,0.6602867654130308,0.3391390835899282,0.37451065680730755,0.5719029742997401,0.5915838547417488
3,0,7,0,6,0,1,0.9283521773337191,0.2727271422358171,0.410847914475665,0.6772509786863854,0.4181345654057176,0.5463133357870187
1,1,1,0,1,1,2,0.20564370522166842,0.611244683614984,0.21508235636095396,0.045237059591126574,0.3248628356915969,0.2887989203778683
4,1,11,0,6,0,1,0.41124180504664837,0.5305030954530644,0.09966959624847108,0.9082209656372335,0.6390412936760035,0.7991657465341663
1,0,12,1,1,0,1,0.3272232070163529,0.33175677906374207,0.6102427693080132,0.18616789908655937,0.125180479353162,0.1588762115077904
1,0,12,0,2,1,2,0.33128657309834847,0.6985647375288336,0.46682791876560054,0.043932144410613314,0.15001443834825295,0.13986013986013995
3,1,7,0,0,0,1,0.8556651497265046,0.6345700313062052,0.40559091613176007,0.8342757720748152,0.5906728270285879,0.7372101582627903
4,0,10,0,4,1,1,0.5420769594807265,0.4952150740597731,0.3164384089230659,0.2770769899956503,0.5928385792665319,0.581891792418108
2,0,4,0,6,0,2,0.4995032002278776,0.8785890533066729,0.5856726273156445,0.6350587211831231,0.36875541438059484,0.4924549135075438
3,1,9,0,2,1,1,0.6459139682850602,0.35047877967522506,0.1958372444557643,0.4645498042627229,0.9640485128501299,0.9501901607164769
3,1,8,0,1,1,2,0.7185997498431848,0.6578953789974263,0.30245254434503,0.4454110482818617,0.7917990181923188,0.7984296405349044
2,1,4,0,6,0,2,0.3956661914235439,0.30681803501529425,0.3024412994287864,0.4862983906046107,0.44470112619116375,0.5150288308183032
4,0,10,0,6,0,2,0.4372007457354593,0.6860049349258684,0.7587628118250415,0.20791648542844715,0.2785157377995957,0.29530119003803074
3,1,9,0,1,1,1,0.6531821726261456,0.3271534319840039,0.6643533062724425,0.4854284471509352,0.9221773029165463,0.9205005520795
4,1,10,0,3,1,2,0.7455978954729292,0.7434211753965667,0.12412728907840322,0.3157894736842105,0.9852728847819809,0.9262667157404001
2,0,5,0,4,1,2,0.5877645954091066,0.79485607901623,0.24126333260522506,0.3188342757720748,0.5515449032630667,0.5585817691080847
1,0,12,0,5,1,1,0.3915118637579894,0.589115029131565,0.7080201272755845,0.07003044802087864,0.2925209356049668,0.2683106367316885
1,1,2,0,6,0,1,0.358284718728093,0.37141130554482993,0.4737969556076008,0.6233144845585037,0.4133699104822408,0.5270518954729467
4,1,12,0,1,1,1,0.49015783205401475,0.7057417675876709,0.1695989191386507,0.2405393649412788,0.8170661276349985,0.7621150779045522
2,0,5,0,3,1,1,0.7497509770893939,0.6034690892492396,0.37063609398838343,0.3210091344062636,0.609009529309847,0.6080235553919765
3,0,8,0,6,0,2,0.8193228819719874,0.6877991924405777,0.578714835389888,0.6607220530665506,0.39748772740398497,0.5241074714758913
3,1,7,0,1,1,1,0.8774710087988511,0.5299045311461573,0.39861906806069897,0.47237929534580253,0.8261622870343632,0.835234940498099
1,1,3,0,4,1,1,0.5316923863659303,0.4874409151000406,0.5751642530859564,0.14049586776859505,0.6706612763499855,0.6094957673905039
1,1,1,0,6,0,1,0.4164328455549567,0.367225661614516,0.428336570463597,0.4645498042627229,0.4953797285590528,0.5519568151147085
4,0,12,0,6,0,1,0.2990973869602957,0.483852400070622,0.20632059874681033,0.3062200956937799,0.4169794975454808,0.44068212489264985
1,1,2,0,3,1,1,0.4195479682795775,0.41925912954108635,0.59620349137782,0.17050891692040018,0.6293676003465204,0.5828732670837934
2,1,5,0,2,1,1,0.8265910863130729,0.5867222073099485,0.7674888668301115,0.38190517616354935,0.699249205890846,0.7018770702981232
1,1,12,0,3,1,3,0.22952548207770213,0.7858847914426834,0.8269351165521512,0.003044802087864289,0.05948599480219463,0.05140473561526171
4,0,11,0,4,1,2,0.3998192730400084,0.7715307313250088,0.4685624470961832,0.08177468464549804,0.39315622292809704,0.3571340939761989
3,0,9,0,0,0,1,0.7404056089155311,0.6285886944551701,0.2604949506109222,0.7094388864723793,0.4898931562229281,0.6163660900503011
1,1,1,0,0,0,1,0.13399588255538752,0.2057424852906769,0.6433955936233453,0.12266202696824706,0.2897776494369044,0.2808244387191759
3,1,8,0,4,1,1,0.7933626952340866,0.516746164236285,0.17486997362786022,0.5919965202261853,0.9214553855038984,0.9499447920500551
4,0,12,0,4,1,1,0.2575615865992903,0.43660314038127246,0.6119098281411338,0.06437581557198782,0.45509673693329483,0.40485829959514125
1,1,1,0,2,1,1,0.3530924321706948,0.8038273665897768,0.28498918941864626,0.19008264462809918,0.5602079122148427,0.5296282664703721
2,0,3,0,2,1,1,0.30325046857676025,0.0550248540550938,0.5751895541475047,0.137016093953893,0.3014727115218019,0.2948104527051897
1,0,1,0,0,0,1,0.04659139533324711,0.23065395662490115,0.6303008886576186,0.06437581557198782,0.11781692174415247,0.11826769721506589
2,0,5,0,1,1,1,0.5898417592418838,0.4491629429842378,0.4318281169572495,0.2879512831665942,0.5310424487438637,0.5324500061342172
3,0,6,0,0,0,1,0.7736339999945174,0.34090892779477144,0.2028065624206707,0.8342757720748152,0.48585041871209933,0.6481413323518591
4,1,10,0,5,1,2,0.6064553317568321,0.7625594437514622,0.30944688224857847,0.5132666376685515,0.9012416979497545,0.9105631210894364
2,1,3,0,4,1,1,0.6168399048716282,0.7972489008378465,0.26754551309568886,0.5793823401478904,0.7965636731157956,0.8402649981597348
2,0,5,0,0,0,2,0.6272232319373348,0.8486838044575099,0.36711081274600016,0.6872553284036538,0.4260756569448455,0.5558827137774512
4,1,11,0,1,1,1,0.3167489183670875,0.372608434158644,0.06819563792831534,0.14571552849064812,0.6829338723650015,0.6213961477119379
1,1,2,1,1,0,1,0.27521436405517213,0.333004146887968,0.5810565891976274,0.21748586341887777,0.37640773895466356,0.3811802232854865
4,0,9,0,5,1,1,0.6293003957701119,0.5334930461755759,0.5175003225885347,0.3601565898216616,0.6283569159688132,0.6355048460311611
1,1,3,0,2,1,1,0.6251460681045575,0.7637565723652764,0.2779723616826106,0.4562853414528056,0.7250938492636443,0.7448165869218505
4,0,12,0,3,1,3,0.4372007457354593,0.9970100492774883,0.6853306975249658,0.020878642888212267,0.09168351140629512,0.0837933995828732
3,0,6,0,4,1,1,0.7944019001750201,0.2272735754671888,0.4580062819724594,0.44584602000869944,0.6451053999422466,0.6739050423260946
3,1,8,0,4,1,1,0.8681256406249883,0.4946179451588779,0.3758846586451057,0.5193562418442801,0.8764077389546636,0.8911789964421541
3,0,9,0,6,0,1,0.7487130181975502,0.6860049349258684,0.36887907582531365,0.7603305785123967,0.516170950043315,0.6530487056802834
4,0,11,0,0,0,2,0.5036562818443421,0.5867222073099485,0.4597998461133212,0.34145280556763813,0.391712388102801,0.42914979757085064
4,0,10,0,5,1,2,0.33855477743943396,0.4449758636479122,0.5821698359057484,0.197477163984341,0.47227837135431705,0.45699914120966684
4,1,11,0,3,1,1,0.28663689606181203,0.39653091075076036,0.49824340352128926,0.1613745106568073,0.7366445278660121,0.6714513556618817
3,1,8,0,0,0,1,0.7995929406833284,0.3654314040998067,0.281461096947202,0.948238364506307,0.6269130811435172,0.8001472211998533
2,0,6,0,0,0,2,0.7341753634662893,0.5406700762344132,0.32694678315275405,0.7320574162679426,0.46217152757724517,0.5991902834008103
4,1,12,0,3,1,2,0.2970202231275184,0.37679407808895776,0.39510503173455924,0.1339712918660287,0.7203291943401675,0.6498589130168078
4,0,12,0,5,1,2,0.3935890275907666,0.3223692237467829,0.6695878147838601,0.07655502392344497,0.4878717874675137,0.43614280456385646
2,0,6,0,2,1,1,0.6791423593640464,0.3319376402212247,0.6940679974462794,0.31535450195737275,0.5983251516026566,0.5973500184026502
2,1,5,0,2,1,2,0.6884877275379091,0.7446168686043692,0.35140447598268626,0.2709873858199217,0.6453941669073058,0.6248313090418357
1,0,1,0,6,0,2,0.21706499117921849,0.3199764019251666,0.38112197838558426,0.09569377990430622,0.1452497834247762,0.15041099251625425
3,0,8,0,2,1,1,0.7227540775087392,0.39114813820663236,0.2884779246832377,0.33623314484558503,0.6365867744730003,0.6357502146975834
3,1,6,0,2,1,1,0.7123695043939429,0.13995208614732715,0.9143530954302629,0.4675946063505872,0.9161131966503032,0.9103177524230159
4,1,10,0,2,1,1,0.5098865272935839,0.40550219832430695,0.44931677294518135,0.4001739886907351,0.9517759168351141,0.9216047110783957
2,0,5,0,5,1,1,0.595034045799282,0.6369614177218096,0.2884919808285423,0.39451935624184425,0.5758013283280393,0.6005398110661263
1,1,3,0,3,1,1,0.6396837228358183,0.3319376402212247,0.2605174404434095,0.4327968682035668,0.7645105399942247,0.7716844558949822
2,1,5,0,0,0,2,0.6272232319373348,0.6662681022640659,0.35839600265717364,0.9277946933449326,0.6069881605544326,0.7774506195558835
4,0,11,0,3,1,3,0.4953501186114129,0.938995244499883,0.32170946341227546,0.06220095693779904,0.2385215131388969,0.22021837811311498
3,1,8,0,1,1,2,0.8639725590085237,0.5430628980560297,0.30069552618196016,0.535450195737277,0.831648859370488,0.8576861734756479
4,0,12,0,2,1,2,0.40708747738109385,0.4587327948646914,0.11014142450036732,0.09308394954327968,0.5073635576090095,0.4573671942092998
3,1,8,0,3,1,2,0.8608574362839029,0.5699767607766695,0.24825485927971255,0.5484993475424097,0.9025411492925209,0.9216047110783954
1,0,2,0,0,0,1,0.28248256839625757,0.41985625844198154,0.3356840830740678,0.15311004784688995,0.18033496967946866,0.1964176174702494
2,0,5,0,5,1,1,0.7757111638272947,0.5424643337491226,0.61365560138796,0.37799043062200954,0.5469246318221196,0.5713409397619917
4,0,10,0,0,0,2,0.3707452096265766,0.7404312246740552,0.5611811997369814,0.2670726402783819,0.32948310713254403,0.35529382897803996
4,1,9,0,1,1,1,0.5669979412776938,0.31160367865852695,0.33738206542685845,0.43453675511091777,0.9262200404273752,0.9095816464237523
2,0,4,0,5,1,2,0.3447850228886758,0.8044259308966838,0.575178309231261,0.07394519356241844,0.1846664741553566,0.1777695988222297
4,0,11,0,0,0,1,0.49846524133603376,0.6064590399717512,0.524469359430535,0.3514571552849065,0.3235633843488305,0.37406453195926914
4,1,11,0,6,0,1,0.27313720022239485,0.18480852401506023,0.9965225096516522,0.23053501522401043,0.24906150736355762,0.27665317139001194
1,1,12,0,1,1,2,0.19525913210687215,0.4330146253518539,0.3723593774027224,0.19008264462809918,0.32775050534218886,0.33210649000122733
3,1,7,0,5,1,2,0.7559812225386356,0.8157900402918468,0.5245059054083269,0.3240539364941279,0.7367889113485417,0.7174579806158748
2,0,4,0,0,0,2,0.6511062548424583,0.7679422162955903,0.4772997470174969,0.7429317094388864,0.3553277505053422,0.5114709851551963
1,0,2,0,4,1,1,0.1061853129190619,0.231901324449127,0.5609619238702303,0.019573727707699,0.21238810280103956,0.18598944914734336
2,0,6,0,6,0,1,0.7944019001750201,0.5663882457472509,0.27273504194213194,0.7851239669421488,0.47531042448743865,0.6253220463746767
3,1,8,0,5,1,2,0.8182836770310538,0.6315786451776816,0.6084098479602986,0.46237494562853415,0.6787467513716431,0.7071524966261803
4,0,11,0,0,0,1,0.3603606365117803,0.6584925078983215,0.1958372444557643,0.4132231404958678,0.3865145827317355,0.4449760765550244
3,0,8,0,3,1,1,0.8816253364644056,0.2129195153495142,0.5000229115168464,0.3836450630709004,0.5596303782847242,0.5837320574162679
1,1,1,0,5,1,2,0.4558914820831848,0.6680623597787751,0.9003672308522269,0.11613745106568073,0.4572624891712388,0.421298000245368
3,0,8,0,6,0,2,0.780902204335603,0.6513154778394842,0.5314974320828144,0.6533275337103088,0.37915102512272597,0.5064409274935578
1,1,3,0,2,1,1,0.6303383546619555,0.4904308658225523,0.60317252821982,0.3305785123966942,0.7313023390124169,0.7146362409520306
4,0,9,0,2,1,2,0.7196389547841182,0.8750005382772544,0.2692575515937842,0.2066115702479339,0.5231013572047358,0.50276039749724
3,1,9,0,4,1,2,0.7944019001750201,0.7673450873946951,0.3374298563208939,0.26489778164419314,0.8045047646549235,0.7583118635750213
3,0,9,0,2,1,2,0.6261852730454911,0.8690192014262194,0.3164384089230659,0.18964767290126142,0.4595726248917124,0.44399460188933915
4,1,10,0,1,1,2,0.6261852730454911,0.6196174068816235,0.7692796197419123,0.3297085689430187,0.735633843488305,0.7180714022819292
2,1,5,0,5,1,1,0.5908797181337274,0.12141238209933869,0.6031359822420282,0.5728577642453241,0.8216863990759458,0.8597718071402276
1,1,1,0,6,0,1,0.15060945507033574,0.2607659039397589,0.4632660915454253,0.1439756415832971,0.308980652613341,0.3031529873635122
4,0,12,0,6,0,2,0.24821621842542757,0.4090907133537257,0.6206499392915085,0.11874728142670726,0.352873231302339,0.3333333333333319
4,0,11,0,6,0,1,0.3333637369311257,0.3492830864674228,0.4685483909508786,0.5019573727707699,0.3970545769563962,0.4789596368543723
4,1,11,0,5,1,1,0.3852816183087476,0.42045482274888857,0.3531727390619997,0.6963897346672466,0.330205024545192,0.47699668752300267
4,1,11,1,4,0,1,0.34997730944607397,0.4372017046881795,0.08568373167043515,0.414528055676381,0.209356049667918,0.2948104527051888
4,1,10,0,5,1,1,0.4714670957062893,0.3779912067027718,0.5979492646246461,0.4602000869943454,0.8954663586485706,0.8906882591093112
2,0,3,0,5,1,1,0.2554856688156029,0.3145936293810386,0.5856726273156445,0.12962157459765114,0.2728847819809414,0.26843332106489926
2,1,6,0,3,1,1,0.9013540317039747,0.4539471512214588,0.2570034041172698,0.3784254023488473,0.767975743574935,0.7592933382407068
3,1,7,0,1,1,1,0.900316072812131,0.24581327951517729,0.485992067273836,0.3923444976076555,0.7656656078544615,0.7612562875720776
1,0,1,0,0,0,1,0.21498907339553117,0.2984453117486547,0.4667801278715651,0.10830795998260113,0.1347097892001155,0.14501288185498745
3,1,9,1,1,0,1,0.8079003499653474,0.7392340960602412,0.3618875491508261,0.8538494997825141,0.5846087207623448,0.7375782112624222
1,0,2,0,4,1,2,0.2947175244094787,0.6051068875086663,0.6412534370789306,0.042627229230100046,0.24357493502743285,0.21899153478100802
4,1,12,0,3,1,1,0.47250505459813297,0.300239569263364,0.8479490537824665,0.14310569812962157,0.7764943690441813,0.7001594896331738
2,0,5,0,3,1,2,0.4423930322928575,0.6620810229277403,0.8619349183605025,0.11004784688995216,0.34045625180479355,0.32032879401300446
4,1,11,0,3,1,2,0.29494305929474124,0.38995244499883014,0.791969049492531,0.1409308394954328,0.6770141495812879,0.6150165623849834
3,1,6,0,3,1,1,0.7954398590668638,0.12081381779243167,0.7010735802660716,0.4675946063505872,0.9006641640196361,0.8971905287694761
2,1,4,0,0,0,3,0.42058717322051103,0.8032302376888814,0.9056495302576801,0.05132666376685516,0.12806814900375396,0.12329775487670266
2,1,5,0,5,1,1,0.6293003957701119,0.35526298791244604,0.3216757286635445,0.6607220530665506,0.8804504764654923,0.9344865660655128
1,1,2,0,5,1,2,0.43408562301083836,0.6626795872346473,0.6049070565504028,0.10613310134841235,0.4650591972278371,0.4251012145748981
4,1,10,0,3,1,1,0.5669979412776938,0.5095691341774478,0.4650596556862871,0.3384080034797738,0.994946578111464,0.9408661513924672
3,0,8,0,4,1,1,0.8130926365227455,0.543660026956925,0.5926529090738885,0.2770769899956503,0.45423043603811725,0.46411483253588476
3,0,8,0,1,1,1,0.7881716547257783,0.2787084790868521,0.7150594448441074,0.36146150500217483,0.5638174992780826,0.5810330020856341
2,1,3,0,4,1,1,0.5420769594807265,0.2344506055260261,0.8356611715572213,0.3618964767290126,0.7622004042737511,0.7497239602502757
3,0,7,0,6,0,1,0.8400895361034002,0.478469627526494,0.40909089631259515,0.8638538494997825,0.48050822985850417,0.6519445466813875
2,1,3,0,3,1,2,0.5888038003500401,0.7828948407201719,0.18882069784263472,0.4871683340582862,0.7346231591105977,0.761624340571709
2,1,4,0,1,1,2,0.5046954867852755,0.42224908026359786,0.4195655357935523,0.28838625489343195,0.7056020791221485,0.6808980493191027
2,0,6,0,3,1,2,0.8785102137397847,0.5759566622216927,0.5192348509191173,0.22227055241409308,0.49682356338434885,0.48484848484848486
3,0,7,0,5,1,2,0.8099775137981247,0.6919862717769033,0.5699409894907824,0.3001304915180513,0.48050822985850417,0.4929456508403871
4,0,10,0,0,0,1,0.5638828185530729,0.30263239108498036,0.7290228195896561,0.7594606350587212,0.47256713831937625,0.6157526683842477
4,0,12,0,2,1,3,0.5026183229524984,0.967104800428325,0.5908958909108185,0.053936494127881686,0.3534507652324574,0.31554410501778957
1,1,3,0,1,1,1,0.6054173728649884,0.650119784631682,0.39336206971679405,0.42627229230100044,0.7437193185099624,0.7521776469144896
1,1,3,0,4,1,1,0.6209929864880929,0.43600457607436544,0.3584072475734173,0.4362766420182688,0.746029454230436,0.756962335909704
4,0,9,0,5,1,2,0.6853726048132883,1.0,0.15735854668453483,0.11135276207046542,0.30565983251516027,0.2911299227088695
4,0,12,0,1,1,1,0.2710612824387075,0.5191389860579013,0.42310206195217925,0.11222270552414093,0.45090961593993645,0.4147957305852047
1,1,1,0,6,0,1,0.3198640410917085,0.38397110814779506,0.5297404139197445,0.33623314484558503,0.4660698816055443,0.4908600171758052
4,0,9,0,0,0,2,0.7165238320594974,0.816985733499649,0.07867927334226742,0.670726402783819,0.49754548079699684,0.6119494540547179
1,1,1,0,3,1,2,0.2679461597140866,0.8205742485290677,0.3059440908386824,0.039147455415398,0.29815189142362114,0.2643847380689486
1,0,1,0,6,0,1,0.17119667813281042,0.5395777322594584,0.34570611467621815,0.05263157894736842,0.13788622581576668,0.13200834253465685
1,0,2,0,2,1,1,0.20148937755611396,0.37619694918806257,0.954576160833788,0.026968247063940843,0.2087785157377996,0.18500797448165873
2,0,5,0,1,1,1,0.6459139682850602,0.7350484521299272,0.2937152444237164,0.3353632013919095,0.4569737222061796,0.482885535517115
4,0,12,0,4,1,2,0.4527763593585638,0.5143547778206805,0.6905792621816881,0.07785993910395825,0.506497256713832,0.45233713654766244
1,0,3,0,2,1,1,0.25860079154022386,0.37200986985173695,0.5454720517446067,0.058721183123097,0.24458561940514006,0.22438964544227713
4,1,10,0,5,1,1,0.6926408091543738,0.5047849259402267,0.23602601286474645,0.6585471944323619,0.9558186543459428,0.9979143663354184
2,1,6,0,4,1,1,0.7341753634662893,0.42165051595669084,0.6503533855491018,0.512396694214876,0.8898354028299162,0.900625690099374
2,1,5,0,5,1,1,0.7736339999945174,0.6764350830454147,0.3321700467479281,0.6154849934754241,0.7647993069592839,0.8234572445098756
3,1,7,0,2,1,1,0.8618953951757465,0.5442585912638319,0.5314974320828144,0.4949978251413658,0.9286745596303783,0.9287204024046133
1,0,2,0,0,0,1,0.281715002156911,0.18946354571122218,0.5646165216494156,0.2770769899956503,0.1664741553566272,0.21960495644706202
4,1,10,0,3,1,1,0.4943109136704794,0.5986848810120187,0.22202890337046688,0.42496737712048716,0.9330060641062663,0.9126487547540181
4,1,11,0,2,1,1,0.2762523229470158,0.41806200092727225,0.4248365902827619,0.20182688125271858,0.7507941091539128,0.6948840633051161
3,0,8,0,1,1,1,0.8878555819136473,0.3947366532360511,0.3776191869756882,0.31622444541104827,0.5077967080565984,0.5206723101459949
2,0,3,0,4,1,2,0.28144460950441386,0.760765186236753,0.6223929013092736,0.07133536320139192,0.24241986716719607,0.22610722610722572
3,0,7,0,0,0,2,0.8193228819719874,0.583732256587437,0.5804240626589223,0.9917355371900827,0.3388680334969679,0.5676604097656734
3,0,7,0,6,0,1,0.846319781552642,0.2422247644857586,0.2605174404434095,0.9578077424967377,0.417990181923188,0.6253220463746767
1,0,2,0,5,1,2,0.1896157757789489,0.44409165354466335,0.2964365141546789,0.037407568508046975,0.23101357204735778,0.20684578579315355
3,1,7,0,2,1,1,0.8151685543064329,0.6148331986444026,0.4020993696381076,0.4201826881252719,0.8992203291943401,0.8825910931174094
2,0,5,0,0,0,2,0.4891198731621711,0.6979661732219266,0.23603725778099005,0.4941278816876903,0.31663297718740974,0.40841614525825104
1,0,1,0,3,1,1,0.20912018218234538,0.23127835824001997,0.46247051372118736,0.034797738147020446,0.21628645682933872,0.19359587780640394
2,0,4,0,5,1,2,0.30013534585213936,0.589115029131565,0.6643392501271378,0.13266637668551545,0.2743286168062374,0.27051895472948034
3,1,7,0,1,1,1,0.8504741092181964,0.600479138526728,0.32692148209120586,0.49282296650717705,0.8390124169794976,0.8519200098147474
4,0,11,0,5,1,2,0.4288933364534403,0.4976078958813896,0.7010848251823152,0.2035667681600696,0.5134276638752526,0.4936817568396509
2,0,4,0,1,1,2,0.6685322513639878,0.6331906061288967,0.8492225405470595,0.3710308829926055,0.3570603522956974,0.40804809225861916
3,0,7,0,6,0,1,0.9844243863768956,0.3217706594398759,0.3059440908386824,0.4284471509351892,0.32890557320242564,0.4003189792663463
2,1,5,0,4,1,1,0.7736339999945174,0.31160367865852695,0.48602580202256696,0.4775989560678556,0.8977764943690442,0.8975585817691079
2,0,4,0,6,0,2,0.3530924321706948,0.8636364288820914,0.3111785993501,0.3814702044367116,0.22466069881605544,0.2984909827015077
3,0,7,0,2,1,1,0.8940858273628891,0.5376801255119017,0.3041983175918562,0.32622879512831665,0.5441813456540572,0.5544105017789231
3,0,8,0,2,1,1,0.7248299952924265,0.2577759532172473,0.34963621290337277,0.5563288386254893,0.663297718740976,0.7205250889461418
2,1,3,0,6,0,2,0.45485352319134115,0.6638752804424496,0.641593595795301,1.0,0.565116950620849,0.7622377622377611
1,1,1,0,2,1,1,0.31097098873746076,0.5320892190960674,0.4643034350689018,0.0743801652892562,0.4916257580132833,0.4387191755612811
4,1,11,0,4,1,1,0.3651467110658878,0.08274397954833514,0.9148956626390188,0.14702044367116138,0.7154201559341611,0.6493681756839648
3,1,8,0,0,0,1,0.8847404591890264,0.5406700762344132,0.7534917573358318,0.7416267942583732,0.5395610742131101,0.6676481413323523
2,1,5,0,4,1,2,0.6241081092127139,0.7069374607954734,0.312901882764439,0.33144845585036975,0.8138896910193474,0.7850570482149428
3,0,8,0,1,1,1,0.7559812225386356,0.6261958726335538,0.524469359430535,0.33623314484558503,0.5115506786023679,0.5295055821371617
4,1,10,0,0,0,2,0.4444689500765448,0.6208131000894258,0.333890518933206,0.33884297520661155,0.3911348541726826,0.4279229542387442
1,0,1,0,4,1,1,0.1319187187226103,0.27930704339375917,0.7832317495712172,0.0156589821661592,0.19462893444989893,0.16979511716353765
2,1,4,0,5,1,1,0.5825735549007983,0.6010762674276231,0.3583735128246865,0.5819921705089169,0.8561940514005197,0.8916697337749963
1,0,1,0,3,1,1,0.1415469400398686,0.4646581508812675,0.7934280773751441,0.010004349717268378,0.16127634998556165,0.13986013986013962
4,1,12,0,4,1,2,0.3375168185475903,0.5627997307178322,0.3094356373323348,0.13571117877337974,0.5477909327172972,0.5037418721629245
1,1,12,0,6,0,2,0.24198597297618574,0.6848092417180662,0.2867209065201679,0.06829056111352762,0.1677736066993936,0.16182063550484455
2,1,4,0,0,0,1,0.549345163821812,0.0,0.5909324368886104,0.9691170073945193,0.4214553855038983,0.6314562630352109
2,0,6,0,6,0,1,0.7175617909513411,0.25897164642504955,0.2832321712555764,0.8120922140060896,0.498556165174704,0.6526806526806513
3,0,7,0,1,1,1,0.8764330499070073,0.516746164236285,0.7307657816074214,0.31361461505002175,0.4826739820964482,0.4985891301680781
2,1,5,0,3,1,2,0.7009482184363928,0.71590874836902,0.22379716644978034,0.3323183993040452,0.6459717008374242,0.6426205373573796
2,1,5,0,3,1,1,0.6293003957701119,0.7482053836337876,0.32516446392813597,0.2892561983471074,0.7915102512272596,0.7541405962458595
1,1,2,0,4,1,2,0.42370229594513203,0.5699767607766695,0.46327733646166896,0.08177468464549804,0.5127057464626047,0.4587167218746163
4,0,12,0,0,0,1,0.33855477743943396,0.7177030058837292,0.17307781510152898,0.2749021313614615,0.4087496390412937,0.42485584590847797
3,1,8,0,2,1,1,0.8338592906541584,0.49401938085197084,0.47378571069135716,0.4058286211396259,0.8785734911926075,0.860998650472335
2,1,3,0,0,0,2,0.4714670957062893,0.8684206371193123,0.5577008981595727,0.665506742061766,0.49725671383193765,0.6102318733897687
2,0,6,0,5,1,1,0.8670876817331447,0.47248829067545894,0.33218129166417165,0.35363201391909527,0.5415824429685244,0.5599312967734014
3,1,8,0,6,0,2,0.7507901820303273,0.6273930012473679,0.6241386745561,0.7946933449325794,0.6069881605544326,0.7399092135934229
1,0,3,0,3,1,2,0.29494305929474124,0.717105876982834,0.5559438799965029,0.0822096563723358,0.24256425064972567,0.22929701877070285
4,0,12,0,2,1,1,0.27832948677979297,0.45095720049894705,0.3321700467479281,0.0665506742061766,0.48339589950909617,0.42951785057048236
4,0,10,0,1,1,1,0.5919189230746611,0.43600457607436544,0.43008234371042314,0.3092648977816442,0.5539994224660699,0.5579683474420323
3,0,7,0,2,1,1,0.8567043546674382,0.4515557648058541,0.29199196100937735,0.44758590691605044,0.5218019058619694,0.5696233590970436
3,1,9,0,0,0,1,0.649029091009681,0.42224908026359786,0.19057771600570458,0.941278816876903,0.743141784579844,0.8969451601030555
3,1,8,0,1,1,1,0.8027080634079493,0.6525126064532983,0.29894975293513393,0.42931709438886473,0.8530176147848686,0.8459084774874255
3,0,7,0,5,1,1,0.8265910863130729,0.17284728571900204,0.22550639371881467,0.5411048281861679,0.591394744441236,0.6551343393448651
4,1,10,0,2,1,3,0.6625275408000083,0.8552637056154517,0.23075495837553692,0.13614615050021747,0.6214265088073925,0.5664335664335669
1,1,2,0,1,1,1,0.27846530613058645,0.4971399535215533,0.3694188318050086,0.08873423227490213,0.5137164308403118,0.461538461538462
3,0,6,0,2,1,1,0.8535892319428173,0.5143547778206805,0.3426643648323116,0.31752936059156156,0.5625180479353162,0.5675377254324627
4,1,11,0,0,0,1,0.3530924321706948,0.5986848810120187,0.5769212712490261,0.4001739886907351,0.5381172393878141,0.5701140964298864
2,1,3,0,6,0,2,0.5524602865464329,0.8750005382772544,0.47900897428653105,0.44845585036972596,0.3348252959861392,0.41099251625567285
1,1,2,0,3,1,1,0.5109257322345174,0.33313476883503873,0.4685624470961832,0.13136146150500216,0.6143517181634421,0.5590725064409275
2,1,4,0,2,1,1,0.6843333998723548,0.16447456245236247,0.706285598945002,0.42931709438886473,0.8203869477331793,0.8181818181818185
1,1,3,0,1,1,1,0.22952548207770213,0.33074194701342247,0.5804240626589223,0.08742931709438886,0.4490326306670517,0.4062078272604593
1,0,2,0,5,1,1,0.16193728734614724,0.330905583298764,0.24221071679875225,0.06394084384515007,0.227692751949177,0.2115077904551581
4,0,11,0,1,1,1,0.586726636517263,0.4467701211626215,0.7989633873960793,0.25793823401478905,0.5589084608720762,0.5476628634523376
4,1,11,0,4,1,2,0.38216649558412674,0.43899596220288895,0.3793874500550018,0.20182688125271858,0.7941091539127924,0.7316893632683102
2,1,6,0,2,1,1,0.7840173270602238,0.5944978016756929,0.35316149414575604,0.4201826881252719,0.8427663875252671,0.8346215188320455
4,0,10,0,5,1,2,0.6126855772060739,0.6321772094845888,0.5664381980808864,0.22923010004349717,0.4468668784291077,0.4443626548889701
2,0,4,1,5,0,1,0.48288962771292926,0.5675839389550531,0.5734437809006784,0.27838190517616357,0.355760900952931,0.38081217028585346
4,1,11,0,2,1,2,0.289752018786433,0.7332541946152179,0.6048930004050981,0.05263157894736842,0.5509673693329483,0.4830082198503253
2,0,3,0,3,1,2,0.30013534585213936,0.5322973529677737,0.4230795721196921,0.07220530665506741,0.19462893444989893,0.1857440804809225
3,0,6,0,3,1,1,0.8338592906541584,0.31878070871736425,0.6730906061937562,0.3679860809047412,0.6290788333814612,0.6383265856950068
2,1,5,0,3,1,1,0.7196389547841182,0.605861911070856,0.281461096947202,0.43018703784254025,0.925931273462316,0.9081094344252241
2,0,4,0,0,0,1,0.4953501186114129,0.2924639748976196,0.790248577307253,0.6768160069595476,0.3127346231591106,0.45663108821003595
4,0,10,0,1,1,1,0.34997730944607397,0.6136360700305885,0.23602601286474645,0.156589821661592,0.47458850707479067,0.44742976321923744
1,0,2,0,6,0,1,0.27832948677979297,0.37619694918806257,0.4615456193601475,0.18355806872553285,0.22018481085763789,0.23886639676113214
4,1,11,0,1,1,2,0.4008572319318521,0.49880358908919187,0.5978789838981233,0.19443236189647672,0.7262489171238811,0.6719420929947251
3,1,9,0,3,1,1,0.8442438637689545,0.6680623597787751,0.4650231097084953,0.3610265332753371,0.9038406006352874,0.8698319224635015
1,1,12,1,2,0,2,0.289299702966818,0.658779589100675,0.4113792367681773,0.19051761635493694,0.07984406583886804,0.12158017421175292
4,1,10,0,0,0,1,0.5763433094515564,0.5233260653942271,0.720293953355525,0.903871248368856,0.6553566272018481,0.8118022328548649
4,1,11,0,2,1,2,0.3925510686989229,0.5873207716168557,0.1696107263007065,0.23140495867768596,0.7334680912503609,0.6885044779781626
4,1,10,0,1,1,3,0.47458221843091025,0.8672249439115101,0.944034051855369,0.0,0.0,4.973747718733961e-16
3,0,7,0,1,1,1,0.8525500270018839,0.6907891431630893,0.19233473416877442,0.24619399739016964,0.4695350851862547,0.4684087841982585
2,0,5,0,2,1,2,0.7487130181975502,0.6674637954718681,0.5192348509191173,0.28577642453240537,0.5505342188853595,0.5483989694516013
1,1,2,0,3,1,2,0.24614030064174028,0.6417470613650424,0.3129721634909618,0.04654197477163984,0.3859370488016171,0.3410624463256042
2,1,4,0,2,1,1,0.44135382735192397,0.2559816957025379,0.6381245391341359,0.22444541104828186,0.735633843488305,0.6883817936449518
2,0,5,0,4,1,1,0.49846524133603376,0.2416276355848634,0.7674663769976242,0.2662026968247064,0.5485128501299451,0.5411605937921723
1,0,12,0,3,1,2,0.4600445636996494,0.8361240018545445,0.5594579163226426,0.04567203131796433,0.3657233612474733,0.32364127100969187
4,0,10,0,1,1,1,0.5036562818443421,0.7123202333396011,0.27100332484061035,0.3031752936059156,0.500721917412648,0.5109802478223537
3,0,7,0,4,1,1,0.7746719588863611,0.28767976666039874,0.6136218666392291,0.3853849499782514,0.6029454230436038,0.6210280947123048
2,0,4,0,0,0,1,0.3977421092072312,0.2930625392045267,0.44929428311269404,0.7172683775554589,0.2278371354317066,0.3959023432707647
1,0,2,0,6,0,1,0.2035665413888912,0.3851682367616091,0.5087630226672211,0.12440191387559808,0.16806237366445279,0.17789228315543953
2,1,4,0,1,1,1,0.5358467140314846,0.0598090622923147,0.9440228069391254,0.39277946933449326,0.6728270285879295,0.6824929456508408
1,0,2,0,0,0,1,0.3543110681805665,0.5801437415580184,0.28915261965785655,0.30100043497172685,0.24371931850996245,0.29198871304134505
2,0,6,0,3,1,1,0.8930466224219556,0.4970093315744824,0.3216757286635445,0.29317094388864723,0.5349408027721628,0.537234695129432
2,1,5,0,3,1,2,0.6427988455604392,0.6722494391151009,0.5454355057668147,0.26881252718573295,0.5886514582731736,0.576002944423997
3,1,8,0,0,0,2,0.7404056089155311,0.8181814267074512,0.5804240626589223,0.644193127446716,0.541726826451054,0.6420071156913267
4,1,12,0,6,0,2,0.4018964368727857,0.9120813817792431,0.22205139320295414,0.5006524575902567,0.6365867744730003,0.6821248926512072
1,1,2,0,5,1,1,0.3167489183670875,0.3600486315556787,0.43884494469328517,0.1339712918660287,0.5516892867455963,0.506563611826769
3,1,8,0,4,1,1,0.8068623910735038,0.4515557648058541,0.15384451035839516,0.508916920400174,0.9415246895755126,0.9435652067231013
3,0,8,0,0,0,1,0.8515120681100402,0.6848092417180662,0.503477912032707,0.5637233579817312,0.3561940514005198,0.4616611458716727
1,0,2,0,3,1,2,0.09426685337466228,0.314282146276485,0.46792148687029533,0.02218355806872553,0.22119549523534507,0.19420929947245721
2,0,4,0,4,1,1,0.5088485684017402,0.3797854642174813,0.24825485927971255,0.22923010004349717,0.39243430551544906,0.39811066126855565
3,1,7,0,4,1,1,0.8857784180808701,0.46590982492352867,0.40211061455435126,0.3853849499782514,0.8205313312157089,0.805913384860753
3,0,7,0,4,1,1,0.8972009500875101,0.44138734861849344,0.43879715379924955,0.26272292301000433,0.5434594282414091,0.5358851674641144
3,0,8,0,2,1,1,0.9023919905958183,0.30921085683691063,0.515743304425465,0.3475424097433667,0.5809991336991048,0.5917065390749604
2,1,3,0,3,1,1,0.5296164685822429,0.29485679671923604,0.7570057936619716,0.2923010004349717,0.7224949465781114,0.6963562753036436
1,1,3,0,5,1,2,0.4693899318735121,0.8127986541633234,0.2552604420995046,0.23749456285341453,0.5501010684377707,0.5344129554655865
3,0,7,0,1,1,1,0.8567043546674382,0.5388758187197039,0.5437262784977803,0.3649412788168769,0.5193473866589662,0.5442277021224395
3,1,7,0,6,0,1,0.8681256406249883,0.4844495289715172,0.3793986949712453,0.9708568943018704,0.6397632110886514,0.817445712182553
3,0,7,0,5,1,1,0.7528660998140146,0.4527514580136565,0.45103724513045934,0.5724227925184863,0.6064106266243142,0.6767267819899393
1,0,1,0,0,0,1,0.09869032764362397,0.2272735754671888,0.954576160833788,0.022618529795563287,0.10799884493213976,0.09814746656851941
1,0,2,0,0,0,1,0.3207225689146139,0.2606094446844762,0.6704536733346208,0.17181383210091344,0.16921744152468957,0.19224635014108726
1,1,1,0,2,1,1,0.11322798237488484,0.23744055624853763,0.9650367441694407,0.03784254023488473,0.30710366734045624,0.27162311372837694
1,0,2,0,5,1,2,0.3803161126857018,0.6263264945806245,0.9112523097760771,0.05132666376685516,0.19073058042159977,0.17654275549012316
1,0,3,0,2,1,2,0.3218053855736922,0.5451944759835043,0.45518661922436504,0.12483688560243585,0.2522379439792088,0.2495399337504603
3,1,8,0,3,1,1,0.8203608408638311,0.5765552265285997,0.33393830982724154,0.46628969117007396,0.9364712676869766,0.9272481904060853
1,1,12,0,5,1,2,0.3333637369311257,0.40311081190870246,0.9895281717481037,0.09525880817746847,0.4883049379151025,0.44178628389154617
2,0,4,0,5,1,1,0.5618056547202956,0.2601673396328519,0.6119238842864384,0.3810352327098739,0.533785734911926,0.5610354557722971
4,0,11,1,4,0,1,0.3915118637579894,0.3923452668204464,0.4073816690435608,0.2427142235754676,0.13211088651458272,0.18071402281928517
4,1,11,0,2,1,2,0.35413039106253846,0.5556227006589949,0.8986214576054008,0.14136581122227054,0.541004909038406,0.499570604833763
4,0,10,0,2,1,1,0.5140408549591384,0.4982064601882966,0.4055656150702119,0.3014354066985646,0.5734911926075656,0.5723224144276777
3,0,9,0,1,1,2,0.6106096594223864,0.5944978016756929,0.3636333223976524,0.29969551979121356,0.5526999711233035,0.5541651331125023
1,0,1,0,5,1,1,0.14749433234571482,0.2601673396328519,0.9300959781713686,0.031752936059156155,0.2090672827028588,0.18660287081339627
3,0,6,0,3,1,1,0.8400895361034002,0.6196174068816235,0.4213197427275613,0.2866463679860809,0.5524112041582443,0.5502392344497608
4,0,10,0,4,1,2,0.660451623016321,0.8911488559096382,0.33564753709627587,0.1252718573292736,0.37583020502454517,0.35468040731198597
1,0,1,0,0,0,2,0.37923204997753385,0.6032351180693215,0.6357518618067264,0.056111352762070466,0.0938492636442391,0.09557109557109594
2,1,6,0,3,1,1,0.6168399048716282,0.48145957824900554,0.15386784355960073,0.44584602000869944,0.8674559630378285,0.8628389154704945
3,1,7,0,4,1,1,0.8182836770310538,0.36423427548599263,0.34966994765210363,0.4480208786428882,0.9231879872942536,0.9108084897558579
4,0,11,0,4,1,1,0.43512358190268213,0.6118418125158792,0.3216757286635445,0.13745106568073076,0.5249783424776205,0.4848484848484844
4,0,11,0,3,1,2,0.4756201773227539,0.6919862717769033,0.8811328016174687,0.04784688995215311,0.351429396477043,0.31210894368789094
1,1,2,0,2,1,2,0.32401836875726303,0.33433046204284117,0.33393830982724154,0.05785123966942149,0.543892578688998,0.4784688995215313
4,0,10,1,1,0,1,0.6376065590030412,0.6572968146905193,0.05597859867540509,0.6576772509786863,0.5173260179035518,0.6250766777082569
3,1,6,0,5,1,1,0.96573365002917,0.305622341807492,0.40207687980562046,0.35972161809482384,0.666185388391568,0.6675254569991408
3,0,9,0,6,0,2,0.5389618367561057,0.6351671602071004,0.47027167436521755,0.622879512831666,0.44138030609298295,0.5507299717826021
1,1,2,0,0,0,2,0.27521436405517213,0.34449744282419,0.6486076123022757,0.2679425837320574,0.2961305226682068,0.32719911667280127
3,0,8,0,4,1,2,0.8110154726899683,0.6913877074699963,0.4912856115955327,0.3466724662896912,0.542448743863702,0.5587044534412954
4,1,10,0,4,1,1,0.4683519729816684,0.2691386272063985,0.4475597547821116,0.3618964767290126,0.9696794686687843,0.9260213470739783
2,1,3,0,2,1,1,0.3292094092655712,0.020335396968709563,0.46329139260697366,0.2301000434971727,0.6570892289922033,0.6232364127100971
2,0,6,0,0,0,1,0.789209613617622,0.6776322116592289,0.39687610604293366,0.6372335798173119,0.4292520935604967,0.5444730707888608
2,0,5,0,5,1,2,0.5649207774449165,0.8433010319133818,0.4422999452091457,0.3001304915180513,0.4898931562229281,0.5009201324990793
2,0,6,0,3,1,1,0.7071784638856347,0.28110130090846847,0.40909089631259515,0.3336233144845585,0.6339878717874675,0.6328057907005274
4,0,12,0,5,1,1,0.2887128138454994,0.6028705249423326,0.1695873930995009,0.11265767725097868,0.4820964481663298,0.4414182308919144
3,1,8,0,2,1,1,0.7352145684072229,0.5711724539844717,0.14162718998257884,0.46933449325793825,0.8525844643372799,0.856827383143173
4,1,12,0,0,0,2,0.4050115595974066,0.9037086585126036,0.38115571313431523,0.19095258808177468,0.3995090961593994,0.3933259722733412
2,1,5,0,4,1,1,0.6656426635246293,0.35047877967522506,0.582158590989505,0.5393649412788168,0.8839156800462027,0.9032020610967977
1,0,3,0,6,0,1,0.5150788138509821,0.1483262448199786,0.9720535719054764,0.6185297955632884,0.2415535662720185,0.37970801128695714
4,1,9,0,4,1,2,0.7362525272990665,0.5956934948834953,0.31471793673778803,0.3257938234014789,0.956107421311002,0.9043062200956936
4,0,12,0,0,0,1,0.20148937755611396,0.3074165993222013,0.12411576303925347,0.16311439756415833,0.3387236500144383,0.3338240706661763
3,0,8,0,5,1,1,0.8120534315818121,0.5095691341774478,0.4562745648709379,0.4441061331013484,0.5519780537106554,0.594282910072383
2,0,4,0,3,1,2,0.4403158684600802,0.7799048899976603,0.641593595795301,0.0900391474554154,0.2790932717297141,0.26254447307078876
1,0,2,0,5,1,1,0.5763433094515564,0.3456945714380041,0.6818166611988262,0.25097868638538495,0.33612474732890557,0.35639798797693456
1,0,1,0,2,1,2,0.2047851773987629,0.48965144035816244,0.30193808942688316,0.08003479773814702,0.2568582154201559,0.2408293460925042
4,1,10,1,1,0,2,0.403972354656473,0.622607357604135,0.47028291928146104,0.37929534580252283,0.66185388391568,0.6693657219973012
2,0,6,0,4,1,1,0.8172457181392101,0.04186648714522146,0.7587375107634932,0.31926924749891256,0.6081432284146694,0.6067967120598696
4,1,11,0,4,1,1,0.27629842676334015,0.4016538748067585,0.26181060581142895,0.10482818616789909,0.730580421599769,0.65034965034965
3,1,9,0,3,1,1,0.6729121139148047,0.4324160610449469,0.30770110900175224,0.4558503697259678,0.9818076812012706,0.9628266470371735
2,0,6,0,1,1,1,0.7715568361617402,0.46531126061662165,0.2797293798456804,0.291866028708134,0.5565983251516027,0.555269292111398
3,1,7,0,5,1,2,0.8380136183197128,0.3014352624711663,0.164339671811497,0.6563723357981731,0.8616806237366446,0.9173107594160221
4,1,11,0,1,1,1,0.32401836875726303,0.3133979361732363,0.6014155100567503,0.1635493692909961,0.7018481085763789,0.6424978530241694
1,1,1,0,4,1,2,0.40293439576462936,0.7565795423064391,0.4457914917027981,0.11613745106568073,0.5498123014727115,0.4999386578333944
1,0,12,0,6,0,1,0.30325046857676025,0.3827754149399928,0.472039937444531,0.0665506742061766,0.12070459139474445,0.12133480554533026
4,0,10,0,0,0,1,0.45173840046672015,0.6680623597787751,0.2168042341607624,0.7033492822966507,0.3958995090961594,0.5347810084652195
3,1,8,0,4,1,1,0.8639725590085237,0.5508370570157622,0.30069552618196016,0.4267072640278382,0.9035518336702282,0.8881118881118879
2,0,3,0,4,1,3,0.26067670932391124,0.922248362560592,0.5489045624279798,0.07698999565028274,0.21455385503898355,0.204024046129309
1,0,3,0,4,1,1,0.17345327303452576,0.061004755500116956,0.5716980076538523,0.05263157894736842,0.22263933006064107,0.20402404612930874
2,1,4,0,5,1,1,0.4963880775032566,0.1794257514709323,0.9143277943687146,0.44019138755980863,0.7506497256713832,0.7619923935713403
3,0,7,0,0,0,1,0.9304280951174065,0.294258232412329,0.4003788974528298,0.662026968247064,0.39820964481663296,0.5250889461415782
3,0,7,0,3,1,1,0.8234759635884519,0.6710523105012869,0.3584072475734173,0.34014789038712484,0.5522668206757148,0.56520672310146
3,0,8,0,0,0,1,0.8120534315818121,0.7093302826170896,0.6363562760548224,0.5424097433666811,0.37597458850707477,0.4724573671942098
4,1,11,0,3,1,1,0.29598226423567475,0.33074194701342247,0.5297179240872573,0.08525445846020009,0.7279815189142362,0.6426205373573795
4,0,9,0,6,0,2,0.6822574820886673,0.8421053387055796,0.157405213086946,0.7716398434101783,0.5236788911348542,0.6626180836707142
3,1,7,0,2,1,1,0.9460037087405111,0.3301433827065154,0.2587379324478524,0.39973901696389735,0.8439214553855039,0.8298368298368303
2,0,4,0,4,1,1,0.4714670957062893,0.46949833995294743,0.3933480135714894,0.2474989125706829,0.36817788045047645,0.3826524352840138
1,0,1,0,3,1,3,0.19733629593964938,0.8421053387055796,0.7631314617856984,0.013919095258808177,0.06526133410337857,0.05937921727395403
3,0,8,0,2,1,1,0.7995929406833284,0.43421031855965614,0.6014267549729939,0.3127446715963462,0.5752237943979209,0.5769844190896825
4,1,11,1,1,0,1,0.5306544274740865,0.6686609240856822,0.42484783519900554,0.47629404088734234,0.7438637019924921,0.7664090295669247
1,0,2,0,3,1,1,0.20261829803151657,0.21130611899228757,0.20162500284636944,0.05959112657677251,0.25382616228703436,0.23248681143417968
3,0,8,0,5,1,1,0.7985549817914847,0.6967704800141243,0.17308962226358476,0.33318834275772075,0.5591972278371354,0.5691326217642001
2,0,5,0,2,1,2,0.6261852730454911,0.8068187527183002,0.7167574271968982,0.29404088734232275,0.49451342766387524,0.5031284504968718
3,0,6,0,2,1,2,0.7746719588863611,0.7099288469239967,0.4178422523792135,0.33579817311874727,0.583453652902108,0.590479695742854
2,0,5,1,1,0,1,0.8400895361034002,0.5873207716168557,0.30595533575492606,0.6729012614180079,0.3651458273173549,0.5000613421666056
3,0,9,0,6,0,1,0.76013555020419,0.6327757737914959,0.4580428279502514,0.8408003479773815,0.3651458273173549,0.5474174947859146
2,0,4,0,1,1,1,0.6822574820886673,0.7189001344975433,0.45806531778273873,0.3353632013919095,0.47357782269708343,0.4969942338363396
1,1,2,0,4,1,2,0.32090324603264203,0.6848092417180662,0.1940684191306387,0.0313179643323184,0.42030031764366155,0.3659673659673657
3,0,9,0,5,1,2,0.7362525272990665,0.8929431134243475,0.28670966160392425,0.18051326663766856,0.4485994802194629,0.43209422156790517
2,1,4,0,4,1,1,0.5472679999890349,0.483253835763715,0.12239388523944501,0.3671161374510657,0.8228414669361825,0.8027235921972762
3,1,7,0,6,0,3,0.6687577862492502,0.8462924180419052,0.5366869609292574,0.5489343192692475,0.4584175570314756,0.5443503864556484
4,1,11,0,3,1,1,0.3665908819610221,0.4850480932784243,0.2272999578596764,0.26663766855154414,0.6513138896910193,0.6286345233713654
3,0,9,0,3,1,1,0.7653265907124983,0.6046647824570419,0.40737042412731717,0.2805567638103523,0.5945711810568871,0.5843454790823212
4,0,11,0,4,1,2,0.35205447327885114,0.4306218035302376,0.7954943307349142,0.05959112657677251,0.4178457984406584,0.37185621396147667
2,1,5,0,1,1,2,0.6718729089738711,0.7685407806024973,0.5926416641576447,0.27316224445411047,0.5355183367022812,0.5320819531345854
1,1,3,0,1,1,1,0.5078106095098965,0.306220906114399,0.5209806241659436,0.36363636363636365,0.6410626624314179,0.6472825420193847
1,1,1,1,1,0,1,0.16306994596881938,0.3540672947046436,0.5874521353112017,0.09351892127011745,0.29757435749350275,0.2792295423874372
1,0,3,0,0,0,1,0.34063194127221114,0.2840912516309801,0.5210031139984309,0.45454545454545453,0.20271440947155644,0.30045393203287973
2,0,4,0,2,1,2,0.5566133681628975,0.5598083445893088,0.3811444682180716,0.17703349282296652,0.40066416401963617,0.39038154827628546
1,0,12,0,5,1,1,0.3146730005834002,0.5179432928500991,0.31470388059248333,0.21270117442366246,0.35922610453364134,0.36523125996810124
4,1,11,0,6,0,2,0.35413039106253846,0.30921085683691063,0.6975707888561756,0.44671596346237497,0.5903840600635287,0.627653048705679
2,0,3,0,2,1,1,0.4766593822636875,0.5005978466039012,0.5716867627376085,0.19921705089169203,0.3209644816632977,0.32891669733775014
4,0,9,0,1,1,2,0.7352145684072229,0.8217699417368699,0.24825485927971255,0.2966507177033493,0.5668495524112042,0.5653294074346713
1,0,2,0,2,1,2,0.16577885669014975,0.7948302417080183,0.08664573425507911,0.019573727707699,0.186687842910771,0.16415163783584863
1,0,1,0,2,1,1,0.17553043686730302,0.451581602114066,0.3876805757846913,0.046107003044802086,0.2070459139474444,0.18893387314439958
2,1,5,0,1,1,2,0.640721681727662,0.7374398385455319,0.5349777336602232,0.14789038712483688,0.35821542015593416,0.34609250398724134
2,0,5,0,2,1,1,0.5898417592418838,0.306220906114399,0.26222947894150483,0.30100043497172685,0.5903840600635287,0.5865537970801131
3,1,7,0,0,0,1,0.9511959952979092,0.42763185280772587,0.2902236979300639,0.5224010439321444,0.49797863124458563,0.5704821494295185
3,0,7,0,3,1,1,0.883701254248093,0.6190188425747165,0.25701746026257444,0.27925184862983904,0.5295986139185677,0.5287694761378972
3,1,8,0,5,1,1,0.8785102137397847,0.4473686854695285,0.41083666955942133,0.6224445411048282,0.8514293964770431,0.8990307937676353
2,0,5,0,4,1,1,0.5929568819665048,0.6770336473523219,0.47024918453273024,0.3014354066985646,0.5990470690153047,0.5940375414059622
4,0,10,0,2,1,1,0.5296164685822429,0.6232059219110421,0.5157545493417086,0.21052631578947367,0.5703147559919145,0.5439823334560179
3,1,8,0,5,1,2,0.880586131523472,0.5263160161167386,0.5436925437490495,0.5767725097868639,0.8413225526999711,0.8775610354557718
1,0,1,0,5,1,2,0.17986419560179562,0.7424063433462472,0.2836763454472005,0.0156589821661592,0.16012128212532487,0.14047356152619242
3,0,8,0,5,1,1,0.8089383088571911,0.19976114843964185,0.29020120809757666,0.4562853414528056,0.5535662720184811,0.5990675990675983
3,1,9,0,2,1,1,0.8307441679295374,0.6877991924405777,0.6014042651405066,0.37625054371465855,0.8629800750794109,0.8394062078272606
3,1,8,0,0,0,2,0.7185997498431848,0.6255987437326586,0.18008255455260275,0.5245759025663332,0.479497545480797,0.5553919764446087
2,1,6,0,1,1,1,0.6708349500820274,0.3032295199858756,0.7377826093434571,0.4649847759895607,0.852873231302339,0.855845908477488
3,1,6,0,4,1,1,0.9304280951174065,0.41925912954108635,0.27098926869530576,0.3375380600260983,0.7373664452786601,0.7217519322782479
4,0,11,0,2,1,2,0.586726636517263,0.5927035441609836,0.4982658933537766,0.19443236189647672,0.5379728559052844,0.5119617224880385
2,1,6,0,3,1,1,0.743520731640152,0.4395930911037842,0.9020877030375049,0.5093518921270117,0.8992203291943401,0.9077413814255919
4,0,11,0,3,1,1,0.33128657309834847,0.4844495289715172,0.6993390519354891,0.08090474119182253,0.4916257580132833,0.4405594405594404
2,0,5,0,6,0,1,0.6770651955312693,0.5035892327324245,0.27622658843578435,0.9812962157459765,0.5092405428818944,0.709483498957182
1,0,1,0,1,1,1,0.17099980237661438,0.23173194653973844,0.6351052791227166,0.05132666376685516,0.17455963037828473,0.16280211017053162
2,1,4,0,2,1,1,0.5078106095098965,0.17344585002590907,0.21854860179305813,0.5854719443236189,0.7802483395899509,0.8281192491718811
4,1,12,0,0,0,2,0.35932267761993664,0.7858847914426834,0.28670966160392425,0.38712483688560245,0.5395610742131101,0.5676604097656734
4,1,12,0,6,0,1,0.3302486142065047,0.5376801255119017,0.23602601286474645,0.332753371030883,0.6150736355760901,0.6164887743835098
1,0,1,0,2,1,2,0.1962983370478057,0.8409096454977771,0.34966994765210363,0.003044802087864289,0.0944267975743575,0.0810943442522392
3,1,7,0,1,1,2,0.8120534315818121,0.5849279497952392,0.44581398153528523,0.43323183993040454,0.8014727115218019,0.8032143295301197
3,0,6,0,5,1,1,0.8286682501458501,0.42703328850081884,0.5612149344857124,0.42061765985210964,0.5778226970834537,0.6096184517237143
3,0,7,0,0,0,1,0.857742313559282,0.43421031855965614,0.45283080927132097,0.7572857764245324,0.45018769852728846,0.5961231750705439
1,1,3,0,2,1,1,0.24821621842542757,0.2595702107319566,0.501757439847429,0.09525880817746847,0.5363846375974588,0.4826401668506933
2,0,5,0,2,1,1,0.892008663530112,0.5179432928500991,0.250023122359026,0.291866028708134,0.47487727403984986,0.48582995951417035
1,0,12,0,0,0,1,0.2687137259534332,0.5820155109973632,0.3730481285226458,0.13092648977816443,0.062229280970257005,0.0898049319101953
4,0,11,0,6,0,1,0.39462698648261024,0.5825365633796348,0.12939834356761273,0.5424097433666811,0.2597458850707479,0.3736964789596355
2,1,4,0,3,1,1,0.6012642912485238,0.278109914779945,0.44581398153528523,0.45933014354066987,0.7736066993935894,0.7868973132131027
4,0,9,0,3,1,2,0.7175617909513411,0.822368506043777,0.354881966331034,0.20791648542844715,0.4919145249783425,0.47662863452337145
4,0,12,0,4,1,1,0.31571095947524386,0.35705724542715533,0.5559663698289902,0.078294910830796,0.5089517759168352,0.45454545454545414
1,0,12,0,4,1,1,0.23575572752694396,0.42823041711463294,0.2727462868583756,0.1096128751631144,0.31028010395610744,0.29456508403876774
1,1,1,0,3,1,2,0.0602708960563294,0.19916258413273483,0.4562858097871816,0.040452370595911266,0.3252959861391857,0.2878174457121825
3,0,7,0,4,1,2,0.9418506271240464,0.5962920591904023,0.5612036895694688,0.274032187907786,0.4522090672827029,0.4615384615384613
2,0,3,0,1,1,1,0.25571120370086553,0.037810029755966625,0.5336058538784981,0.09569377990430622,0.25786889979786315,0.24610477242056233
2,0,5,0,0,0,1,0.6791423593640464,0.6800235980748335,0.3531361930842079,0.6846454980426272,0.44239099047069014,0.5690099374309906
4,1,11,0,5,1,1,0.29805818201936213,0.5364829968980876,0.10142661441154091,0.156589821661592,0.7632110886514583,0.6926757453073237
3,0,9,0,4,1,2,0.7092543816693221,0.8989230148693708,0.2972405256660996,0.2405393649412788,0.6092982962749062,0.5855723224144274
4,0,12,0,3,1,2,0.3219412049244857,0.5568183938667971,0.10841954670055887,0.07655502392344497,0.5114062951198383,0.45614035087719296
1,1,1,0,0,0,1,0.27832948677979297,0.05083777471876812,0.6118873383086466,0.24184428012179207,0.38478198094138033,0.3951662372715008
1,1,2,0,2,1,1,0.36763008690195564,0.3163878868957479,0.3513679300048944,0.08568943018703784,0.6000577533930118,0.5340449024659553
4,0,10,0,3,1,1,0.5971099635829693,0.534091610482483,0.43534215328338904,0.24227925184862983,0.6131966503032054,0.5893755367439578
4,0,10,0,2,1,2,0.6324155184947329,0.7649522655730786,0.3391756295677201,0.2892561983471074,0.5596303782847242,0.5571095571095575
3,0,8,0,1,1,1,0.8795481726316283,0.4539471512214588,0.4772997470174969,0.3671161374510657,0.4995668495524112,0.5280333701386338
3,0,7,0,2,1,1,0.8878555819136473,0.3803825931183765,0.5000229115168464,0.3253588516746411,0.5515449032630667,0.5604220341062449
2,1,4,1,1,0,1,0.7539053047549482,0.41028784196753976,0.7377713644272135,0.5202261852979556,0.7438637019924921,0.7788001472212001
4,1,10,0,2,1,2,0.48288962771292926,0.6973690443210314,0.47202869252828733,0.26054806437581557,0.8332370776783136,0.7814992025518345
1,0,1,0,6,0,2,0.355169596003472,0.760765186236753,0.38810226014382815,0.14310569812962157,0.09153912792376552,0.11814501288185358
4,0,10,0,0,0,1,0.32401836875726303,0.4994021533960989,0.43356264528783195,0.38408003479773817,0.35027432861680624,0.40596245859403796
1,0,2,0,3,1,1,0.3228894482818603,0.21193052060740636,0.6448939787128113,0.0939538929969552,0.2710077967080566,0.25677830940988816
4,0,10,0,6,0,1,0.4527763593585638,0.5071777477618432,0.19755912225557276,0.6511526750761201,0.40268553277505054,0.5258250521408403
2,1,6,0,2,1,2,0.7404056089155311,0.800238851560358,0.5401897523391535,0.2066115702479339,0.6461160843199538,0.607287449392713
4,0,12,0,0,0,1,0.22329523662846032,0.4455744279548192,0.4143394609693174,0.09482383645063071,0.31634421022235054,0.29554655870445373
1,0,12,0,6,0,1,0.4372007457354593,0.4880380440009358,0.5559551249127465,0.28838625489343195,0.2598902685532775,0.30217151269782694
3,1,7,0,4,1,1,0.957426240747151,0.2613644682466659,0.4825117656964272,0.610265332753371,0.695350851862547,0.7629738682370258
3,1,9,0,1,1,2,0.6500670499015249,0.6584925078983215,0.3636333223976524,0.4436711613745107,0.8413225526999711,0.8400196294933144
4,1,11,0,6,0,1,0.33128657309834847,0.38696249427631857,0.44231119012538933,0.5702479338842975,0.6202714409471557,0.6878910563121077
1,0,3,0,3,1,1,0.34374706399683214,0.24940179454459593,0.8024408777444272,0.09960852544584602,0.27187409760323417,0.25910931174089047
3,1,7,0,6,0,1,1.0,0.3104065500447129,0.39683956006514187,0.6289691170073946,0.4868611030898065,0.5910931174089056
3,0,9,0,5,1,2,0.5109257322345174,0.4515557648058541,0.3986078231444553,0.3218790778599391,0.5772451631533353,0.5812783707520545
3,0,9,0,3,1,2,0.6677198273574065,0.8959330641468592,0.2080660908707304,0.23357981731187472,0.5476465492347675,0.5312231628021101
3,1,7,0,2,1,1,0.8992768678711974,0.3104065500447129,0.29193292519909825,0.45672031317964334,0.806814900375397,0.8143786038522884
4,1,12,0,5,1,1,0.2772915278879493,0.5269145804236457,0.30596658067116966,0.1857329273597216,0.745307536817788,0.6856827383143166
2,1,4,0,3,1,2,0.5036562818443421,0.42105338705579565,0.40909089631259515,0.15006524575902566,0.5775339301183945,0.5330634278002699
4,0,11,0,5,1,1,0.2679461597140866,0.19258411838080455,0.41083666955942133,0.1056981296215746,0.45148714987005484,0.4134462029198864
4,1,10,0,5,1,2,0.6282611908291784,0.7739235531466252,0.3164384089230659,0.3266637668551544,0.6715275772451631,0.6627407680039253
3,1,8,0,2,1,2,0.8432046588280211,0.6142346343374955,0.2657069692898526,0.5550239234449761,0.8626913081143517,0.8895841001104163
1,1,2,0,6,0,2,0.2554856688156029,0.7230857784278573,0.2797293798456804,0.1661591996520226,0.35056309558186544,0.34474297632192236
1,1,12,0,0,0,1,0.23264060480232304,0.3439003139232948,0.3111785993501,0.17659852109612875,0.19621715275772453,0.21653784811679574
2,0,6,0,6,0,1,0.8297062090376938,0.543660026956925,0.37237062231896595,0.7511961722488039,0.4644816632977187,0.6065513433934474
2,0,6,0,0,0,2,0.797517022899641,0.5610054732031229,0.22379716644978034,0.7120487168334059,0.44542304360381174,0.5793154214206852
1,1,1,0,2,1,2,0.39115050952193336,0.6319432383046707,0.9185362042728995,0.05437146585471944,0.40254114929252094,0.3573794626426207
3,1,7,0,3,1,1,0.8193228819719874,0.5131576492068665,0.3636080213361041,0.42322749021313616,0.9051400519780537,0.8884799411115202
2,0,4,0,3,1,1,0.6677198273574065,0.4856466575853313,0.617158392797856,0.2657677250978686,0.478053710655501,0.48116795485216535
3,0,8,0,3,1,1,0.7653265907124983,0.47248829067545894,0.6485963673860321,0.4119182253153545,0.6007796708056599,0.6266715740399951
4,1,11,0,0,0,1,0.45069919552578663,0.550239928114867,0.2954835075030298,0.9952153110047847,0.6557897776494369,0.8379339958287332
2,0,4,0,0,0,2,0.457968645915962,0.8349283086467423,0.3496474578196164,0.5158764680295781,0.24357493502743285,0.3524720893141951
4,0,11,0,1,1,3,0.4839275866047729,0.9102871242645338,0.32515321901189237,0.09482383645063071,0.3645682933872365,0.33652312599681083
3,0,9,0,4,1,1,0.7424827727483083,0.5215318078795178,0.3356728381578241,0.3397129186602871,0.6225815766676293,0.6248313090418351
2,0,5,0,4,1,1,0.8089383088571911,0.5765552265285997,0.4982911944153249,0.3288386254893432,0.562951198382905,0.5710955710955707
3,0,8,0,4,1,1,0.8203608408638311,0.21232095104260718,0.40033110655879417,0.352327098738582,0.5717585908172105,0.5852042694147954
4,1,11,0,4,1,2,0.32713349148188386,0.4946179451588779,0.36713330257848736,0.13832100913440626,0.7370776783136009,0.6653171390013493
1,0,3,0,5,1,2,0.3207225689146139,0.5364571595898757,0.5919838365573914,0.10656807307525011,0.24689575512561363,0.23984787142681807
2,0,6,0,4,1,2,0.7092543816693221,0.5921049798540765,0.5174890776722911,0.23618964767290127,0.46231591105977476,0.4594528278738802
1,1,2,0,4,1,1,0.4922349958867919,0.4001194257801791,0.4737519759426262,0.22357546759460636,0.6534796419289634,0.6183290393816706
2,0,4,0,3,1,1,0.4133177228303357,0.2799041722946544,0.6765821526874084,0.17877337973031754,0.3429107710077967,0.34179855232486794
4,1,10,0,3,1,2,0.37178316851842025,0.5610054732031229,0.40559091613176007,0.18138321009134406,0.7402541149292521,0.6801619433198381
1,0,3,0,5,1,1,0.5991871274157465,0.35796729283861595,0.5864935062014308,0.3836450630709004,0.33713543170661275,0.3946754999386571
2,0,4,0,1,1,1,0.5649207774449165,0.3827754149399928,0.39687610604293366,0.29012614180078294,0.3956107421311002,0.41798552324868166
3,0,8,0,3,1,2,0.8380136183197128,0.5478471062932505,0.3182066720023794,0.20226185297955632,0.44571181056887094,0.43577475156422535
4,1,12,0,2,1,1,0.5192318954674466,0.6572968146905193,0.4265683073842836,0.2387994780339278,0.8713543170661276,0.8077536498589134
2,0,5,0,0,0,1,0.5846494726844856,0.5107662627912618,0.14687491127058275,0.60852544584602,0.42044470112619114,0.5288921604711083
1,0,1,0,1,1,1,0.04767495962177925,0.3099127703766649,0.3821536994509389,0.03653762505437146,0.1891423621137742,0.17102196049564514
2,1,6,0,5,1,2,0.7414448138564647,0.6883977567474848,0.6048958116341591,0.2309699869508482,0.5160265665607855,0.5036191878297136
1,0,3,0,5,1,2,0.25237054609098203,0.4802638850412033,0.508703986856942,0.09221400608960417,0.24689575512561363,0.23579928843086664
3,1,8,0,6,0,2,0.789209613617622,0.656101121482717,0.5175115675047784,0.9765115267507612,0.5821542015593416,0.7700895595632427
2,0,3,0,6,0,1,0.2575615865992903,0.16985733499649042,0.5262038877611175,0.4258373205741627,0.21585330638174993,0.30352104036314415
3,1,9,0,5,1,1,0.8027080634079493,0.6608853297199379,0.41958802562603964,0.45367551109177906,0.9296852440080855,0.9179241810820752
2,0,4,0,6,0,3,0.4631596864242703,0.8791861822075684,0.8951411560279919,0.05176163549369291,0.0944267975743575,0.09483498957183029
3,1,7,0,5,1,1,0.900316072812131,0.4575356662508773,0.367147358723792,0.5467594606350588,0.8121570892289922,0.844313581155686
2,1,6,0,2,1,2,0.6002250863075902,0.4844495289715172,0.5262151326773612,0.4201826881252719,0.8681778804504765,0.8562139614771198
3,1,8,0,2,1,1,0.8317833728704709,0.5897135934384721,0.4125936877224913,0.48977816441931277,0.8137453075368178,0.8295914611704089
2,1,6,0,5,1,1,0.7352145684072229,0.2757185283643405,0.4300935886266668,0.6463679860809047,0.8992203291943401,0.9463869463869458
4,0,12,0,1,1,2,0.40708747738109385,0.7912675639868115,0.11193358302669855,0.10047846889952153,0.5137164308403118,0.46485093853514964
4,0,10,0,5,1,1,0.45900660480780564,0.42823041711463294,0.5594466714063989,0.29317094388864723,0.5209356049667918,0.5253343148079983
2,0,4,0,2,1,1,0.7134087093348764,0.650718348938589,0.8549180906244668,0.29404088734232275,0.5345076523245741,0.5371120107962216
2,1,6,0,4,1,1,0.6770651955312693,0.41806200092727225,0.3793986949712453,0.4506307090039147,0.9292520935604967,0.916697337749969
1,0,3,0,6,0,1,0.33647885965574653,0.4575356662508773,0.5577008981595727,0.3140495867768595,0.20040427375108288,0.2588639430744679
4,1,12,0,1,1,2,0.4693899318735121,0.9318182144410457,0.47205118236077465,0.14223575467594607,0.6960727692751949,0.6315789473684216
1,1,1,0,1,1,1,0.26171591426484475,0.1794257514709323,0.5436925437490495,0.053936494127881686,0.502165752237944,0.4419089682247582
3,1,6,0,5,1,1,0.8951237862547328,0.42763185280772587,0.4510625461920075,0.4184428012179208,0.6986716719607277,0.7116918169549742
3,0,7,0,3,1,1,0.8567043546674382,0.5107662627912618,0.3478651385949983,0.32448890822096566,0.5160265665607855,0.5299963194700037
2,0,6,0,5,1,1,0.6988710546036156,0.11244109452579211,0.6486329133638239,0.389734667246629,0.6344210222350564,0.6490001226843326
4,0,11,0,3,1,1,0.3967041503153876,0.6357657245140074,0.16783037493643105,0.16006959547629404,0.5480796996823564,0.5108575634891424
3,0,9,0,0,0,1,0.5586905319956746,0.6016748317345302,0.4388083987154932,0.5876468029578077,0.41885648281836557,0.5216537848116799
3,0,7,0,5,1,1,0.983385181435962,0.4372017046881795,0.31122639024413556,0.2435841670291431,0.4049956684955241,0.4128327812538332
2,0,4,0,3,1,2,0.6988710546036156,0.8032302376888814,0.8147175150534287,0.23705959112657676,0.4771874097603234,0.4723346828609986
3,1,8,0,5,1,2,0.8016701045161057,0.48684235079313354,0.139870171819509,0.5754675946063506,0.9005197805371066,0.927493559072506
1,0,3,0,6,0,2,0.4050115595974066,0.7368427096446364,0.6451188770376842,0.27751196172248804,0.20459139474444124,0.25211630474788227
4,0,10,0,3,1,3,0.6033402090322111,0.9049043517204058,0.6346582937020318,0.09351892127011745,0.31461160843199537,0.2937062937062937
3,0,9,0,1,1,1,0.7292098578432434,0.5976183743452753,0.18700661172962837,0.2992605480643758,0.5779670805659832,0.575512207091155
2,1,4,0,4,1,1,0.4683519729816684,0.1411492147611413,0.5541981067496767,0.5176163549369291,0.7572913658677447,0.789473684210526
2,0,4,0,5,1,2,0.3458242278296093,0.6513154778394842,0.5541756169171894,0.07612005219660722,0.21455385503898355,0.20377867746288728
2,0,3,0,3,1,2,0.358646072964149,0.8091843018256929,0.5956131332750286,0.08742931709438886,0.2740398498411782,0.2575144154091522
2,1,5,0,4,1,1,0.7424827727483083,0.6327757737914959,0.42310206195217925,0.45976511526750763,0.8216863990759458,0.8278738805054592
3,1,6,0,4,1,1,0.8598194773920592,0.21052669352789782,0.4195992705422833,0.39973901696389735,0.8573491192607565,0.8412464728254199
2,0,3,0,0,0,2,0.24162461874012972,0.3130333430462473,0.45516131816281685,0.2044367116137451,0.17340456251804792,0.20500552079499484
2,1,5,0,2,1,2,0.6926408091543738,0.7033489457660546,0.2692463066775405,0.35537190082644626,0.7557031475599192,0.7423629002576375
4,1,12,0,2,1,2,0.3665908819610221,0.46052705237940084,0.7692796197419123,0.12179208351457155,0.7506497256713832,0.6721874616611462
1,1,1,0,4,1,1,0.2575615865992903,0.3564601165262601,0.3024750341775173,0.06002609830361026,0.4493213976321109,0.39872408293460887
2,1,5,0,0,0,1,0.689525686429753,0.4312203678371446,0.5699072547420515,0.9438886472379295,0.5668495524112042,0.7478836952521167
4,0,11,0,1,1,1,0.5536789225563046,0.6706360427578743,0.3365892988316813,0.10917790343627665,0.5189142362113774,0.47172126119494595
1,1,1,0,2,1,1,0.412279763938492,0.20215397026125825,0.6730793612775124,0.14006089604175728,0.6013572047357783,0.5504846031161822
4,0,11,0,5,1,1,0.3935890275907666,0.528110273631448,0.21507054919889815,0.4754240974336668,0.24213110020213688,0.339835602993497
4,0,10,0,3,1,2,0.5296164685822429,0.6381585463356237,0.3549185123088259,0.17485863418877773,0.5010106843777072,0.47503373819163297
4,1,11,0,0,0,1,0.23264060480232304,0.27631565726523577,0.36014177590399993,0.13353632013919095,0.3024833958995091,0.2946877683719793
1,0,2,0,4,1,1,0.4693899318735121,0.32894768949871317,0.5839268540688184,0.11178773379730318,0.31706612763499853,0.3009446693657215
4,0,11,0,3,1,1,0.4247402548369757,0.6925834006777988,0.11189844266343715,0.13179643323183993,0.5463470978920012,0.5014108698319224
1,1,2,0,1,1,1,0.38320570052506026,0.3086122925300036,0.6905539611201398,0.10917790343627665,0.5846087207623448,0.5275426328057912
3,1,7,0,3,1,1,0.8286682501458501,0.25000035885150296,0.4003423514750378,0.6006959547629404,0.9774761767253826,1.0
1,1,12,0,0,0,1,0.24510109570080665,0.29784674744174766,0.9231016402678202,0.15745976511526752,0.20386947733179325,0.2176420071156915
2,0,6,0,1,1,2,0.7175617909513411,0.6752393898376124,0.3741276404820359,0.3031752936059156,0.47516604100490906,0.48926512084406887
4,1,12,0,4,1,1,0.29494305929474124,0.3014352624711663,0.4265683073842836,0.1839930404523706,0.7344787756280682,0.6759906759906757
3,1,7,0,1,1,1,0.8369744133787792,0.5639954239256344,0.3689043768868618,0.45150065245759025,0.8727981518914236,0.8689731321310274
2,1,4,0,5,1,1,0.4288933364534403,0.14533485869145518,0.7815112773859393,0.7851239669421488,0.6689286745596303,0.7898417372101575
3,0,6,0,6,0,1,0.7923247363422428,0.29784674744174766,0.5262038877611175,0.7742496737712049,0.4909038406006353,0.6355048460311605
4,1,10,0,3,1,1,0.6583744591835439,0.517344728543192,0.14165080430669044,0.3449325793823401,0.9930695928385793,0.9411115200588887
1,0,1,0,4,1,1,0.1809482583099637,0.34798260862076136,0.188840095323155,0.037407568508046975,0.21628645682933872,0.1943319838056676
3,1,7,0,3,1,1,0.9148524814943019,0.4324160610449469,0.3234327468266144,0.3466724662896912,0.7066127634998556,0.6981965403018034
1,0,1,1,1,0,2,0.1454171685129376,0.3755983848811555,0.4824780309476962,0.05002174858634189,0.1246029454230436,0.11998527788001484
2,1,6,0,0,0,1,0.8317833728704709,0.37679407808895776,0.3129721634909618,0.9665071770334929,0.6286456829338724,0.8067721751932283
3,1,8,0,1,1,1,0.8245139224802955,0.38696249427631857,0.31997493508169295,0.5241409308394954,0.8166329771874098,0.8417372101582634
1,0,12,0,4,1,2,0.45381431825040763,0.6913877074699963,0.06995265609138518,0.09786863853849499,0.4073058042159977,0.3736964789596365
4,1,11,0,5,1,1,0.3769754550758184,0.3803825931183765,0.5402234870878844,0.3075250108742932,0.7598902685532775,0.7324254692675738
